input_curie	preferred_identifier	preferred_label	confidence	method	evidence
MESH:D000161	UMLS:C0001164	Acoustic Stimulation	0.9	umls_mrconso_cui_crosswalk	MRCONSO:MSH
MESH:D015667	UMLS:C0001300	Acupuncture Analgesia	0.9	umls_mrconso_cui_crosswalk	MRCONSO:MSH
SNOMEDCT:150833003	UMLS:C0001300	Acupuncture Analgesia	0.9	umls_mrconso_cui_crosswalk	MRCONSO:SNOMEDCT_US
SNOMEDCT:182615005	UMLS:C0001300	Acupuncture Analgesia	0.9	umls_mrconso_cui_crosswalk	MRCONSO:SNOMEDCT_US
MESH:D015667	UMLS:C0001301	Acupuncture Anesthesia	0.9	umls_mrconso_cui_crosswalk	MRCONSO:MSH
ICD9CM:99.91	UMLS:C0001301	Acupuncture Anesthesia	0.9	umls_mrconso_cui_crosswalk	MRCONSO:ICD9CM
SNOMEDCT:150832008	UMLS:C0001301	Acupuncture Anesthesia	0.9	umls_mrconso_cui_crosswalk	MRCONSO:SNOMEDCT_US
SNOMEDCT:182614009	UMLS:C0001301	Acupuncture Anesthesia	0.9	umls_mrconso_cui_crosswalk	MRCONSO:SNOMEDCT_US
MESH:D001155	UMLS:C0003827	Art Therapy	0.9	umls_mrconso_cui_crosswalk	MRCONSO:MSH
NCIT:C67031	UMLS:C0003827	Art Therapy	0.9	umls_mrconso_cui_crosswalk	MRCONSO:NCI
MTH:NOCODE	UMLS:C0003827	Art Therapy	0.9	umls_mrconso_cui_crosswalk	MRCONSO:MTH
SNOMEDCT:65153003	UMLS:C0003827	Art Therapy	0.9	umls_mrconso_cui_crosswalk	MRCONSO:SNOMEDCT_US
MESH:D001326	UMLS:C0004361	Autogenic Training	0.9	umls_mrconso_cui_crosswalk	MRCONSO:MSH
MTH:NOCODE	UMLS:C0004361	Autogenic Training	0.9	umls_mrconso_cui_crosswalk	MRCONSO:MTH
SNOMEDCT:389008003	UMLS:C0004361	Autogenic Training	0.9	umls_mrconso_cui_crosswalk	MRCONSO:SNOMEDCT_US
SNOMEDCT:44005004	UMLS:C0004361	Autogenic Training	0.9	umls_mrconso_cui_crosswalk	MRCONSO:SNOMEDCT_US
MESH:D001346	UMLS:C0004404	Autosuggestion	0.9	umls_mrconso_cui_crosswalk	MRCONSO:MSH
SNOMEDCT:386526006	UMLS:C0005365	Bibliotherapy	0.9	umls_mrconso_cui_crosswalk	MRCONSO:SNOMEDCT_US
MESH:D001638	UMLS:C0005365	Bibliotherapy	0.9	umls_mrconso_cui_crosswalk	MRCONSO:MSH
MESH:D001676	UMLS:C0005491	Biofeedback	0.9	umls_mrconso_cui_crosswalk	MRCONSO:MSH
LOINC:LA28988-6	UMLS:C0005491	Biofeedback	0.9	umls_mrconso_cui_crosswalk	MRCONSO:LNC
NCIT:C15186	UMLS:C0005491	Biofeedback	0.9	umls_mrconso_cui_crosswalk	MRCONSO:NCI
MTH:NOCODE	UMLS:C0005491	Biofeedback	0.9	umls_mrconso_cui_crosswalk	MRCONSO:MTH
SNOMEDCT:28150003	UMLS:C0005491	Biofeedback	0.9	umls_mrconso_cui_crosswalk	MRCONSO:SNOMEDCT_US
SNOMEDCT:228566007	UMLS:C0005491	Biofeedback	0.9	umls_mrconso_cui_crosswalk	MRCONSO:SNOMEDCT_US
MESH:D001945	UMLS:C0006155	Breathing Exercises	0.9	umls_mrconso_cui_crosswalk	MRCONSO:MSH
MTH:NOCODE	UMLS:C0006155	Breathing Exercises	0.9	umls_mrconso_cui_crosswalk	MRCONSO:MTH
SNOMEDCT:151547001	UMLS:C0006155	Breathing Exercises	0.9	umls_mrconso_cui_crosswalk	MRCONSO:SNOMEDCT_US
SNOMEDCT:12895002	UMLS:C0006155	Breathing Exercises	0.9	umls_mrconso_cui_crosswalk	MRCONSO:SNOMEDCT_US
SNOMEDCT:85903002	UMLS:C0006155	Breathing Exercises	0.9	umls_mrconso_cui_crosswalk	MRCONSO:SNOMEDCT_US
ICD9CM:93.18	UMLS:C0006155	Breathing Exercises	0.9	umls_mrconso_cui_crosswalk	MRCONSO:ICD9CM
SNOMEDCT:20550006	UMLS:C0006155	Breathing Exercises	0.9	umls_mrconso_cui_crosswalk	MRCONSO:SNOMEDCT_US
NCIT:C160870	UMLS:C0006155	Breathing Exercises	0.9	umls_mrconso_cui_crosswalk	MRCONSO:NCI
MESH:D015913	UMLS:C0007975	Chelation Therapy	0.9	umls_mrconso_cui_crosswalk	MRCONSO:MSH
MESH:D015928	UMLS:C0009244		0.9	umls_mrconso_cui_crosswalk	MRCONSO:MSH
MTH:NOCODE	UMLS:C0009244		0.9	umls_mrconso_cui_crosswalk	MRCONSO:MTH
SNOMEDCT:228553007	UMLS:C0009244		0.9	umls_mrconso_cui_crosswalk	MRCONSO:SNOMEDCT_US
SNOMEDCT:304891004	UMLS:C0009244		0.9	umls_mrconso_cui_crosswalk	MRCONSO:SNOMEDCT_US
SNOMEDCT:228557008	UMLS:C0009244		0.9	umls_mrconso_cui_crosswalk	MRCONSO:SNOMEDCT_US
SNOMEDCT:390657008	UMLS:C0009244		0.9	umls_mrconso_cui_crosswalk	MRCONSO:SNOMEDCT_US
SNOMEDCT:389923006	UMLS:C0009244		0.9	umls_mrconso_cui_crosswalk	MRCONSO:SNOMEDCT_US
NCIT:C64345	UMLS:C0009244		0.9	umls_mrconso_cui_crosswalk	MRCONSO:NCI
SNOMEDCT:151618003	UMLS:C0009244		0.9	umls_mrconso_cui_crosswalk	MRCONSO:SNOMEDCT_US
SNOMEDCT:183383008	UMLS:C0009244		0.9	umls_mrconso_cui_crosswalk	MRCONSO:SNOMEDCT_US
MESH:D003376	UMLS:C0010210	Counseling	0.9	umls_mrconso_cui_crosswalk	MRCONSO:MSH
NCIT:C61547	UMLS:C0010210	Counseling	0.9	umls_mrconso_cui_crosswalk	MRCONSO:NCI
SNOMEDCT:69197005	UMLS:C0010210	Counseling	0.9	umls_mrconso_cui_crosswalk	MRCONSO:SNOMEDCT_US
SNOMEDCT:409063005	UMLS:C0010210	Counseling	0.9	umls_mrconso_cui_crosswalk	MRCONSO:SNOMEDCT_US
MTH:NOCODE	UMLS:C0010210	Counseling	0.9	umls_mrconso_cui_crosswalk	MRCONSO:MTH
SNOMEDCT:148198002	UMLS:C0010210	Counseling	0.9	umls_mrconso_cui_crosswalk	MRCONSO:SNOMEDCT_US
SNOMEDCT:170974001	UMLS:C0010210	Counseling	0.9	umls_mrconso_cui_crosswalk	MRCONSO:SNOMEDCT_US
SNOMEDCT:148199005	UMLS:C0010210	Counseling	0.9	umls_mrconso_cui_crosswalk	MRCONSO:SNOMEDCT_US
SNOMEDCT:170975000	UMLS:C0010210	Counseling	0.9	umls_mrconso_cui_crosswalk	MRCONSO:SNOMEDCT_US
SNOMEDCT:170984000	UMLS:C0010210	Counseling	0.9	umls_mrconso_cui_crosswalk	MRCONSO:SNOMEDCT_US
SNOMEDCT:148207006	UMLS:C0010210	Counseling	0.9	umls_mrconso_cui_crosswalk	MRCONSO:SNOMEDCT_US
SNOMEDCT:129441002	UMLS:C0010210	Counseling	0.9	umls_mrconso_cui_crosswalk	MRCONSO:SNOMEDCT_US
SNOMEDCT:360268008	UMLS:C0010210	Counseling	0.9	umls_mrconso_cui_crosswalk	MRCONSO:SNOMEDCT_US
MESH:D017679	UMLS:C0010412	Cold Therapy	0.9	umls_mrconso_cui_crosswalk	MRCONSO:MSH
NCIT:C21118	UMLS:C0010412	Cold Therapy	0.9	umls_mrconso_cui_crosswalk	MRCONSO:NCI
MTH:NOCODE	UMLS:C0010412	Cold Therapy	0.9	umls_mrconso_cui_crosswalk	MRCONSO:MTH
SNOMEDCT:150897000	UMLS:C0010412	Cold Therapy	0.9	umls_mrconso_cui_crosswalk	MRCONSO:SNOMEDCT_US
LOINC:LA25341-1	UMLS:C0010412	Cold Therapy	0.9	umls_mrconso_cui_crosswalk	MRCONSO:LNC
SNOMEDCT:182660006	UMLS:C0010412	Cold Therapy	0.9	umls_mrconso_cui_crosswalk	MRCONSO:SNOMEDCT_US
SNOMEDCT:150902004	UMLS:C0010412	Cold Therapy	0.9	umls_mrconso_cui_crosswalk	MRCONSO:SNOMEDCT_US
SNOMEDCT:182665001	UMLS:C0010412	Cold Therapy	0.9	umls_mrconso_cui_crosswalk	MRCONSO:SNOMEDCT_US
MESH:D003614	UMLS:C0010962	Dance Therapy	0.9	umls_mrconso_cui_crosswalk	MRCONSO:MSH
SNOMEDCT:123163006	UMLS:C0010962	Dance Therapy	0.9	umls_mrconso_cui_crosswalk	MRCONSO:SNOMEDCT_US
SNOMEDCT:69711002	UMLS:C0010962	Dance Therapy	0.9	umls_mrconso_cui_crosswalk	MRCONSO:SNOMEDCT_US
MESH:D015623	UMLS:C0012166	Diet, Macrobiotic	0.9	umls_mrconso_cui_crosswalk	MRCONSO:MSH
SNOMEDCT:102268008	UMLS:C0012166	Diet, Macrobiotic	0.9	umls_mrconso_cui_crosswalk	MRCONSO:SNOMEDCT_US
NCIT:C28146	UMLS:C0013794	Electroacupuncture	0.9	umls_mrconso_cui_crosswalk	MRCONSO:NCI
MESH:D015671	UMLS:C0013794	Electroacupuncture	0.9	umls_mrconso_cui_crosswalk	MRCONSO:MSH
MESH:D008519	UMLS:C0015034		0.9	umls_mrconso_cui_crosswalk	MRCONSO:MSH
MESH:D026443	UMLS:C0015547	Spiritual Healing	0.9	umls_mrconso_cui_crosswalk	MRCONSO:MSH
SNOMEDCT:151621001	UMLS:C0015618	Family psychotherapy	0.9	umls_mrconso_cui_crosswalk	MRCONSO:SNOMEDCT_US
SNOMEDCT:108313002	UMLS:C0015618	Family psychotherapy	0.9	umls_mrconso_cui_crosswalk	MRCONSO:SNOMEDCT_US
MTH:U003463	UMLS:C0015618	Family psychotherapy	0.9	umls_mrconso_cui_crosswalk	MRCONSO:MTH
NCIT:C93347	UMLS:C0015618	Family psychotherapy	0.9	umls_mrconso_cui_crosswalk	MRCONSO:NCI
MESH:D005196	UMLS:C0015618	Family psychotherapy	0.9	umls_mrconso_cui_crosswalk	MRCONSO:MSH
ICD9CM:94.42	UMLS:C0015618	Family psychotherapy	0.9	umls_mrconso_cui_crosswalk	MRCONSO:ICD9CM
SNOMEDCT:51484002	UMLS:C0015618	Family psychotherapy	0.9	umls_mrconso_cui_crosswalk	MRCONSO:SNOMEDCT_US
MESH:D008519	UMLS:C0016419		0.9	umls_mrconso_cui_crosswalk	MRCONSO:MSH
MESH:D005864	UMLS:C0017501	Gestalt Therapy	0.9	umls_mrconso_cui_crosswalk	MRCONSO:MSH
SNOMEDCT:9591001	UMLS:C0017501	Gestalt Therapy	0.9	umls_mrconso_cui_crosswalk	MRCONSO:SNOMEDCT_US
SNOMEDCT:256330001	UMLS:C0019240	Herb	0.9	umls_mrconso_cui_crosswalk	MRCONSO:SNOMEDCT_US
NCIT:C180903	UMLS:C0019240	Herb	0.9	umls_mrconso_cui_crosswalk	MRCONSO:NCI
MTH:NOCODE	UMLS:C0019240	Herb	0.9	umls_mrconso_cui_crosswalk	MRCONSO:MTH
MESH:D006875	UMLS:C0020311	Hydrotherapy	0.9	umls_mrconso_cui_crosswalk	MRCONSO:MSH
SNOMEDCT:150840002	UMLS:C0020311	Hydrotherapy	0.9	umls_mrconso_cui_crosswalk	MRCONSO:SNOMEDCT_US
SNOMEDCT:46903006	UMLS:C0020311	Hydrotherapy	0.9	umls_mrconso_cui_crosswalk	MRCONSO:SNOMEDCT_US
LOINC:LA29051-2	UMLS:C0020311	Hydrotherapy	0.9	umls_mrconso_cui_crosswalk	MRCONSO:LNC
MTH:NOCODE	UMLS:C0020311	Hydrotherapy	0.9	umls_mrconso_cui_crosswalk	MRCONSO:MTH
SNOMEDCT:182626004	UMLS:C0020311	Hydrotherapy	0.9	umls_mrconso_cui_crosswalk	MRCONSO:SNOMEDCT_US
SNOMEDCT:150844006	UMLS:C0020311	Hydrotherapy	0.9	umls_mrconso_cui_crosswalk	MRCONSO:SNOMEDCT_US
ICD9CM:94.32	UMLS:C0020587		0.9	umls_mrconso_cui_crosswalk	MRCONSO:ICD9CM
MESH:D006990	UMLS:C0020587		0.9	umls_mrconso_cui_crosswalk	MRCONSO:MSH
SNOMEDCT:19997007	UMLS:C0020587		0.9	umls_mrconso_cui_crosswalk	MRCONSO:SNOMEDCT_US
LOINC:LA33537-4	UMLS:C0020587		0.9	umls_mrconso_cui_crosswalk	MRCONSO:LNC
NCIT:C15420	UMLS:C0020587		0.9	umls_mrconso_cui_crosswalk	MRCONSO:NCI
MTH:NOCODE	UMLS:C0020587		0.9	umls_mrconso_cui_crosswalk	MRCONSO:MTH
SNOMEDCT:70503004	UMLS:C0020587		0.9	umls_mrconso_cui_crosswalk	MRCONSO:SNOMEDCT_US
SNOMEDCT:151644003	UMLS:C0020587		0.9	umls_mrconso_cui_crosswalk	MRCONSO:SNOMEDCT_US
SNOMEDCT:183409005	UMLS:C0020587		0.9	umls_mrconso_cui_crosswalk	MRCONSO:SNOMEDCT_US
SNOMEDCT:151646001	UMLS:C0020587		0.9	umls_mrconso_cui_crosswalk	MRCONSO:SNOMEDCT_US
SNOMEDCT:151645002	UMLS:C0020587		0.9	umls_mrconso_cui_crosswalk	MRCONSO:SNOMEDCT_US
SNOMEDCT:183408002	UMLS:C0020587		0.9	umls_mrconso_cui_crosswalk	MRCONSO:SNOMEDCT_US
MESH:D008349	UMLS:C0024725	Manipulation, Orthopedic	0.9	umls_mrconso_cui_crosswalk	MRCONSO:MSH
MESH:D008405	UMLS:C0024875		0.9	umls_mrconso_cui_crosswalk	MRCONSO:MSH
SNOMEDCT:151546005	UMLS:C0024875		0.9	umls_mrconso_cui_crosswalk	MRCONSO:SNOMEDCT_US
SNOMEDCT:150827007	UMLS:C0024875		0.9	umls_mrconso_cui_crosswalk	MRCONSO:SNOMEDCT_US
LOINC:LA25338-7	UMLS:C0024875		0.9	umls_mrconso_cui_crosswalk	MRCONSO:LNC
MTH:NOCODE	UMLS:C0024875		0.9	umls_mrconso_cui_crosswalk	MRCONSO:MTH
SNOMEDCT:182613003	UMLS:C0024875		0.9	umls_mrconso_cui_crosswalk	MRCONSO:SNOMEDCT_US
SNOMEDCT:150830000	UMLS:C0024875		0.9	umls_mrconso_cui_crosswalk	MRCONSO:SNOMEDCT_US
MESH:D008514	UMLS:C0025121	Medicine, Arabic	0.9	umls_mrconso_cui_crosswalk	MRCONSO:MSH
MESH:D008515	UMLS:C0025122	Medicine, Ayurvedic	0.9	umls_mrconso_cui_crosswalk	MRCONSO:MSH
SNOMEDCT:452091000124101	UMLS:C0025122	Medicine, Ayurvedic	0.9	umls_mrconso_cui_crosswalk	MRCONSO:SNOMEDCT_US
SNOMEDCT:1259939000	UMLS:C0025122	Medicine, Ayurvedic	0.9	umls_mrconso_cui_crosswalk	MRCONSO:SNOMEDCT_US
MESH:D008516	UMLS:C0025124	Traditional Chinese Medicine	0.9	umls_mrconso_cui_crosswalk	MRCONSO:MSH
SNOMEDCT:723688009	UMLS:C0025124	Traditional Chinese Medicine	0.9	umls_mrconso_cui_crosswalk	MRCONSO:SNOMEDCT_US
MTH:NOCODE	UMLS:C0025124	Traditional Chinese Medicine	0.9	umls_mrconso_cui_crosswalk	MRCONSO:MTH
MESH:D008515	UMLS:C0025126		0.9	umls_mrconso_cui_crosswalk	MRCONSO:MSH
MESH:D008519	UMLS:C0025127		0.9	umls_mrconso_cui_crosswalk	MRCONSO:MSH
MTH:NOCODE	UMLS:C0025127		0.9	umls_mrconso_cui_crosswalk	MRCONSO:MTH
MESH:D008518	UMLS:C0025128		0.9	umls_mrconso_cui_crosswalk	MRCONSO:MSH
MTH:NOCODE	UMLS:C0025128		0.9	umls_mrconso_cui_crosswalk	MRCONSO:MTH
MESH:D008518	UMLS:C0025129	Medicine, East Asian Traditional	0.9	umls_mrconso_cui_crosswalk	MRCONSO:MSH
MESH:D008519	UMLS:C0025130		0.9	umls_mrconso_cui_crosswalk	MRCONSO:MSH
MESH:D008519	UMLS:C0025131	Traditional Medicine	0.9	umls_mrconso_cui_crosswalk	MRCONSO:MSH
NCIT:C180905	UMLS:C0025131	Traditional Medicine	0.9	umls_mrconso_cui_crosswalk	MRCONSO:NCI
MTH:NOCODE	UMLS:C0025131	Traditional Medicine	0.9	umls_mrconso_cui_crosswalk	MRCONSO:MTH
SNOMEDCT:773412008	UMLS:C0025131	Traditional Medicine	0.9	umls_mrconso_cui_crosswalk	MRCONSO:SNOMEDCT_US
MESH:D008602	UMLS:C0025352	Mental Healing	0.9	umls_mrconso_cui_crosswalk	MRCONSO:MSH
MTH:NOCODE	UMLS:C0025352	Mental Healing	0.9	umls_mrconso_cui_crosswalk	MRCONSO:MTH
MESH:D008903	UMLS:C0026162	Minerals	0.9	umls_mrconso_cui_crosswalk	MRCONSO:MSH
NCIT:C656	UMLS:C0026162	Minerals	0.9	umls_mrconso_cui_crosswalk	MRCONSO:NCI
MTH:NOCODE	UMLS:C0026162	Minerals	0.9	umls_mrconso_cui_crosswalk	MRCONSO:MTH
SNOMEDCT:87918000	UMLS:C0026162	Minerals	0.9	umls_mrconso_cui_crosswalk	MRCONSO:SNOMEDCT_US
MESH:D015915	UMLS:C0026604	Motion Therapy, Continuous Passive	0.9	umls_mrconso_cui_crosswalk	MRCONSO:MSH
MTH:NOCODE	UMLS:C0026604	Motion Therapy, Continuous Passive	0.9	umls_mrconso_cui_crosswalk	MRCONSO:MTH
SNOMEDCT:229078009	UMLS:C0026604	Motion Therapy, Continuous Passive	0.9	umls_mrconso_cui_crosswalk	MRCONSO:SNOMEDCT_US
SNOMEDCT:183316005	UMLS:C0026604	Motion Therapy, Continuous Passive	0.9	umls_mrconso_cui_crosswalk	MRCONSO:SNOMEDCT_US
SNOMEDCT:151542007	UMLS:C0026604	Motion Therapy, Continuous Passive	0.9	umls_mrconso_cui_crosswalk	MRCONSO:SNOMEDCT_US
NCIT:C94402	UMLS:C0026652	Moxibustion	0.9	umls_mrconso_cui_crosswalk	MRCONSO:NCI
SNOMEDCT:31275006	UMLS:C0026652	Moxibustion	0.9	umls_mrconso_cui_crosswalk	MRCONSO:SNOMEDCT_US
MESH:D009071	UMLS:C0026652	Moxibustion	0.9	umls_mrconso_cui_crosswalk	MRCONSO:MSH
NCIT:C67033	UMLS:C0026868	Music Therapy	0.9	umls_mrconso_cui_crosswalk	MRCONSO:NCI
LOINC:LA33539-0	UMLS:C0026868	Music Therapy	0.9	umls_mrconso_cui_crosswalk	MRCONSO:LNC
MESH:D009147	UMLS:C0026868	Music Therapy	0.9	umls_mrconso_cui_crosswalk	MRCONSO:MSH
ICD9CM:93.84	UMLS:C0026868	Music Therapy	0.9	umls_mrconso_cui_crosswalk	MRCONSO:ICD9CM
SNOMEDCT:21065008	UMLS:C0026868	Music Therapy	0.9	umls_mrconso_cui_crosswalk	MRCONSO:SNOMEDCT_US
MESH:D009324	UMLS:C0027495	Naturopathy	0.9	umls_mrconso_cui_crosswalk	MRCONSO:MSH
NCIT:C15283	UMLS:C0027495	Naturopathy	0.9	umls_mrconso_cui_crosswalk	MRCONSO:NCI
SNOMEDCT:439809005	UMLS:C0027495	Naturopathy	0.9	umls_mrconso_cui_crosswalk	MRCONSO:SNOMEDCT_US
MTH:NOCODE	UMLS:C0027495	Naturopathy	0.9	umls_mrconso_cui_crosswalk	MRCONSO:MTH
MESH:D009945	UMLS:C0029257	Organotherapy	0.9	umls_mrconso_cui_crosswalk	MRCONSO:MSH
NCIT:C67024	UMLS:C0029340	Orthomolecular Therapy	0.9	umls_mrconso_cui_crosswalk	MRCONSO:NCI
MESH:D009974	UMLS:C0029340	Orthomolecular Therapy	0.9	umls_mrconso_cui_crosswalk	MRCONSO:MSH
MESH:D010789	UMLS:C0031765	Phototherapy	0.9	umls_mrconso_cui_crosswalk	MRCONSO:MSH
SNOMEDCT:150903009	UMLS:C0031765	Phototherapy	0.9	umls_mrconso_cui_crosswalk	MRCONSO:SNOMEDCT_US
SNOMEDCT:182666000	UMLS:C0031765	Phototherapy	0.9	umls_mrconso_cui_crosswalk	MRCONSO:SNOMEDCT_US
SNOMEDCT:266798006	UMLS:C0031765	Phototherapy	0.9	umls_mrconso_cui_crosswalk	MRCONSO:SNOMEDCT_US
SNOMEDCT:31394004	UMLS:C0031765	Phototherapy	0.9	umls_mrconso_cui_crosswalk	MRCONSO:SNOMEDCT_US
NCIT:C15301	UMLS:C0031765	Phototherapy	0.9	umls_mrconso_cui_crosswalk	MRCONSO:NCI
MTH:NOCODE	UMLS:C0031765	Phototherapy	0.9	umls_mrconso_cui_crosswalk	MRCONSO:MTH
SNOMEDCT:363724006	UMLS:C0031765	Phototherapy	0.9	umls_mrconso_cui_crosswalk	MRCONSO:SNOMEDCT_US
SNOMEDCT:182672000	UMLS:C0031765	Phototherapy	0.9	umls_mrconso_cui_crosswalk	MRCONSO:SNOMEDCT_US
SNOMEDCT:150911004	UMLS:C0031765	Phototherapy	0.9	umls_mrconso_cui_crosswalk	MRCONSO:SNOMEDCT_US
SNOMEDCT:266696001	UMLS:C0031765	Phototherapy	0.9	umls_mrconso_cui_crosswalk	MRCONSO:SNOMEDCT_US
MESH:D010989	UMLS:C0032216	Play Therapy	0.9	umls_mrconso_cui_crosswalk	MRCONSO:MSH
SNOMEDCT:151561006	UMLS:C0032216	Play Therapy	0.9	umls_mrconso_cui_crosswalk	MRCONSO:SNOMEDCT_US
SNOMEDCT:76075007	UMLS:C0032216	Play Therapy	0.9	umls_mrconso_cui_crosswalk	MRCONSO:SNOMEDCT_US
ICD9CM:94.36	UMLS:C0032216	Play Therapy	0.9	umls_mrconso_cui_crosswalk	MRCONSO:ICD9CM
SNOMEDCT:72101003	UMLS:C0032216	Play Therapy	0.9	umls_mrconso_cui_crosswalk	MRCONSO:SNOMEDCT_US
MESH:D011577	UMLS:C0033889	Psychodrama	0.9	umls_mrconso_cui_crosswalk	MRCONSO:MSH
ICD9CM:94.43	UMLS:C0033889	Psychodrama	0.9	umls_mrconso_cui_crosswalk	MRCONSO:ICD9CM
SNOMEDCT:53508008	UMLS:C0033889	Psychodrama	0.9	umls_mrconso_cui_crosswalk	MRCONSO:SNOMEDCT_US
MTH:NOCODE	UMLS:C0033889	Psychodrama	0.9	umls_mrconso_cui_crosswalk	MRCONSO:MTH
MESH:D011613	UMLS:C0033968	Psychotherapy	0.9	umls_mrconso_cui_crosswalk	MRCONSO:MSH
SNOMEDCT:151615000	UMLS:C0033968	Psychotherapy	0.9	umls_mrconso_cui_crosswalk	MRCONSO:SNOMEDCT_US
SNOMEDCT:183380006	UMLS:C0033968	Psychotherapy	0.9	umls_mrconso_cui_crosswalk	MRCONSO:SNOMEDCT_US
SNOMEDCT:75516001	UMLS:C0033968	Psychotherapy	0.9	umls_mrconso_cui_crosswalk	MRCONSO:SNOMEDCT_US
NCIT:C15308	UMLS:C0033968	Psychotherapy	0.9	umls_mrconso_cui_crosswalk	MRCONSO:NCI
MTH:NOCODE	UMLS:C0033968	Psychotherapy	0.9	umls_mrconso_cui_crosswalk	MRCONSO:MTH
MESH:D011844	UMLS:C0034545	Radiesthesia	0.9	umls_mrconso_cui_crosswalk	MRCONSO:MSH
SNOMEDCT:394614006	UMLS:C0034945	Reflexology	0.9	umls_mrconso_cui_crosswalk	MRCONSO:SNOMEDCT_US
MESH:D026201	UMLS:C0034945	Reflexology	0.9	umls_mrconso_cui_crosswalk	MRCONSO:MSH
NCIT:C162743	UMLS:C0034945	Reflexology	0.9	umls_mrconso_cui_crosswalk	MRCONSO:NCI
MTH:NOCODE	UMLS:C0034945	Reflexology	0.9	umls_mrconso_cui_crosswalk	MRCONSO:MTH
MESH:D012028	UMLS:C0034946		0.9	umls_mrconso_cui_crosswalk	MRCONSO:MSH
MESH:D012064	UMLS:C0035029	Relaxation Techniques	0.9	umls_mrconso_cui_crosswalk	MRCONSO:MSH
LOINC:LA33541-6	UMLS:C0035029	Relaxation Techniques	0.9	umls_mrconso_cui_crosswalk	MRCONSO:LNC
NCIT:C28184	UMLS:C0035029	Relaxation Techniques	0.9	umls_mrconso_cui_crosswalk	MRCONSO:NCI
SNOMEDCT:284467003	UMLS:C0035029	Relaxation Techniques	0.9	umls_mrconso_cui_crosswalk	MRCONSO:SNOMEDCT_US
SNOMEDCT:228585005	UMLS:C0035822	Role play technique	0.9	umls_mrconso_cui_crosswalk	MRCONSO:SNOMEDCT_US
MTH:NOCODE	UMLS:C0035822	Role play technique	0.9	umls_mrconso_cui_crosswalk	MRCONSO:MTH
MESH:D012381	UMLS:C0035822	Role play technique	0.9	umls_mrconso_cui_crosswalk	MRCONSO:MSH
MTH:NOCODE	UMLS:C0038659	therapeutic suggestion	0.9	umls_mrconso_cui_crosswalk	MRCONSO:MTH
MESH:D013404	UMLS:C0038659	therapeutic suggestion	0.9	umls_mrconso_cui_crosswalk	MRCONSO:MSH
MESH:D014464	UMLS:C0041620	Ultrasonic Therapy	0.9	umls_mrconso_cui_crosswalk	MRCONSO:MSH
MTH:NOCODE	UMLS:C0041620	Ultrasonic Therapy	0.9	umls_mrconso_cui_crosswalk	MRCONSO:MTH
NCIT:C28003	UMLS:C0041620	Ultrasonic Therapy	0.9	umls_mrconso_cui_crosswalk	MRCONSO:NCI
SNOMEDCT:146668001	UMLS:C0041620	Ultrasonic Therapy	0.9	umls_mrconso_cui_crosswalk	MRCONSO:SNOMEDCT_US
SNOMEDCT:89002000	UMLS:C0041620	Ultrasonic Therapy	0.9	umls_mrconso_cui_crosswalk	MRCONSO:SNOMEDCT_US
SNOMEDCT:169440002	UMLS:C0041620	Ultrasonic Therapy	0.9	umls_mrconso_cui_crosswalk	MRCONSO:SNOMEDCT_US
SNOMEDCT:146676004	UMLS:C0041620	Ultrasonic Therapy	0.9	umls_mrconso_cui_crosswalk	MRCONSO:SNOMEDCT_US
ICD9CM:00.0	UMLS:C0041620	Ultrasonic Therapy	0.9	umls_mrconso_cui_crosswalk	MRCONSO:ICD9CM
MESH:D014467	UMLS:C0041626	Ultraviolet Therapy	0.9	umls_mrconso_cui_crosswalk	MRCONSO:MSH
MTH:NOCODE	UMLS:C0041626	Ultraviolet Therapy	0.9	umls_mrconso_cui_crosswalk	MRCONSO:MTH
SNOMEDCT:287589006	UMLS:C0041626	Ultraviolet Therapy	0.9	umls_mrconso_cui_crosswalk	MRCONSO:SNOMEDCT_US
SNOMEDCT:146649004	UMLS:C0041626	Ultraviolet Therapy	0.9	umls_mrconso_cui_crosswalk	MRCONSO:SNOMEDCT_US
SNOMEDCT:37114000	UMLS:C0041626	Ultraviolet Therapy	0.9	umls_mrconso_cui_crosswalk	MRCONSO:SNOMEDCT_US
SNOMEDCT:367359007	UMLS:C0041626	Ultraviolet Therapy	0.9	umls_mrconso_cui_crosswalk	MRCONSO:SNOMEDCT_US
SNOMEDCT:31394004	UMLS:C0041626	Ultraviolet Therapy	0.9	umls_mrconso_cui_crosswalk	MRCONSO:SNOMEDCT_US
SNOMEDCT:363695005	UMLS:C0041626	Ultraviolet Therapy	0.9	umls_mrconso_cui_crosswalk	MRCONSO:SNOMEDCT_US
SNOMEDCT:150905002	UMLS:C0041626	Ultraviolet Therapy	0.9	umls_mrconso_cui_crosswalk	MRCONSO:SNOMEDCT_US
SNOMEDCT:182667009	UMLS:C0041626	Ultraviolet Therapy	0.9	umls_mrconso_cui_crosswalk	MRCONSO:SNOMEDCT_US
SNOMEDCT:266799003	UMLS:C0041626	Ultraviolet Therapy	0.9	umls_mrconso_cui_crosswalk	MRCONSO:SNOMEDCT_US
SNOMEDCT:266697005	UMLS:C0041626	Ultraviolet Therapy	0.9	umls_mrconso_cui_crosswalk	MRCONSO:SNOMEDCT_US
SNOMEDCT:146647002	UMLS:C0041626	Ultraviolet Therapy	0.9	umls_mrconso_cui_crosswalk	MRCONSO:SNOMEDCT_US
ICD9CM:99.82	UMLS:C0041626	Ultraviolet Therapy	0.9	umls_mrconso_cui_crosswalk	MRCONSO:ICD9CM
SNOMEDCT:63771003	UMLS:C0041626	Ultraviolet Therapy	0.9	umls_mrconso_cui_crosswalk	MRCONSO:SNOMEDCT_US
NCIT:C15344	UMLS:C0041626	Ultraviolet Therapy	0.9	umls_mrconso_cui_crosswalk	MRCONSO:NCI
MESH:D014815	UMLS:C0042890	Vitamins	0.9	umls_mrconso_cui_crosswalk	MRCONSO:MSH
LOINC:LP31395-4	UMLS:C0042890	Vitamins	0.9	umls_mrconso_cui_crosswalk	MRCONSO:LNC
NCIT:C944	UMLS:C0042890	Vitamins	0.9	umls_mrconso_cui_crosswalk	MRCONSO:NCI
MTH:NOCODE	UMLS:C0042890	Vitamins	0.9	umls_mrconso_cui_crosswalk	MRCONSO:MTH
SNOMEDCT:87708000	UMLS:C0042890	Vitamins	0.9	umls_mrconso_cui_crosswalk	MRCONSO:SNOMEDCT_US
SNOMEDCT:12968008	UMLS:C0042890	Vitamins	0.9	umls_mrconso_cui_crosswalk	MRCONSO:SNOMEDCT_US
SNOMEDCT:75749007	UMLS:C0078912	Aikido	0.9	umls_mrconso_cui_crosswalk	MRCONSO:SNOMEDCT_US
MESH:D016139	UMLS:C0078912	Aikido	0.9	umls_mrconso_cui_crosswalk	MRCONSO:MSH
MESH:D016488	UMLS:C0085093	Medicine, African Traditional	0.9	umls_mrconso_cui_crosswalk	MRCONSO:MSH
MESH:D016500	UMLS:C0085102	Color Therapy	0.9	umls_mrconso_cui_crosswalk	MRCONSO:MSH
MESH:D016488	UMLS:C0085757		0.9	umls_mrconso_cui_crosswalk	MRCONSO:MSH
MESH:D001452	UMLS:C0085867	Balneotherapy	0.9	umls_mrconso_cui_crosswalk	MRCONSO:MSH
SNOMEDCT:44275008	UMLS:C0086586	Manipulation of spine	0.9	umls_mrconso_cui_crosswalk	MRCONSO:SNOMEDCT_US
MTH:NOCODE	UMLS:C0086586	Manipulation of spine	0.9	umls_mrconso_cui_crosswalk	MRCONSO:MTH
SNOMEDCT:178809009	UMLS:C0086586	Manipulation of spine	0.9	umls_mrconso_cui_crosswalk	MRCONSO:SNOMEDCT_US
MESH:D020393	UMLS:C0086586	Manipulation of spine	0.9	umls_mrconso_cui_crosswalk	MRCONSO:MSH
MESH:D056447	UMLS:C0150133	Animal Assisted Therapy	0.9	umls_mrconso_cui_crosswalk	MRCONSO:MSH
MTH:NOCODE	UMLS:C0150133	Animal Assisted Therapy	0.9	umls_mrconso_cui_crosswalk	MRCONSO:MTH
SNOMEDCT:386515000	UMLS:C0150133	Animal Assisted Therapy	0.9	umls_mrconso_cui_crosswalk	MRCONSO:SNOMEDCT_US
NCIT:C64868	UMLS:C0150133	Animal Assisted Therapy	0.9	umls_mrconso_cui_crosswalk	MRCONSO:NCI
MTH:NOCODE	UMLS:C0150277		0.9	umls_mrconso_cui_crosswalk	MRCONSO:MTH
MESH:D019122	UMLS:C0150277		0.9	umls_mrconso_cui_crosswalk	MRCONSO:MSH
SNOMEDCT:228549005	UMLS:C0150321	Reminiscence therapy	0.9	umls_mrconso_cui_crosswalk	MRCONSO:SNOMEDCT_US
MTH:U003159	UMLS:C0150627	Guided imagery	0.9	umls_mrconso_cui_crosswalk	MRCONSO:MTH
MESH:D019018	UMLS:C0150627	Guided imagery	0.9	umls_mrconso_cui_crosswalk	MRCONSO:MSH
LOINC:LA25351-0	UMLS:C0150627	Guided imagery	0.9	umls_mrconso_cui_crosswalk	MRCONSO:LNC
NCIT:C15375	UMLS:C0150627	Guided imagery	0.9	umls_mrconso_cui_crosswalk	MRCONSO:NCI
SNOMEDCT:386437005	UMLS:C0150627	Guided imagery	0.9	umls_mrconso_cui_crosswalk	MRCONSO:SNOMEDCT_US
NCIT:C15376	UMLS:C0150814		0.9	umls_mrconso_cui_crosswalk	MRCONSO:NCI
MESH:D019122	UMLS:C0150814		0.9	umls_mrconso_cui_crosswalk	MRCONSO:MSH
MTH:NOCODE	UMLS:C0150814		0.9	umls_mrconso_cui_crosswalk	MRCONSO:MTH
SNOMEDCT:24197007	UMLS:C0150814		0.9	umls_mrconso_cui_crosswalk	MRCONSO:SNOMEDCT_US
MESH:D019124	UMLS:C0152054	Therapeutic Touch	0.9	umls_mrconso_cui_crosswalk	MRCONSO:MSH
NCIT:C15373	UMLS:C0152054	Therapeutic Touch	0.9	umls_mrconso_cui_crosswalk	MRCONSO:NCI
MTH:NOCODE	UMLS:C0152054	Therapeutic Touch	0.9	umls_mrconso_cui_crosswalk	MRCONSO:MTH
SNOMEDCT:386475005	UMLS:C0152054	Therapeutic Touch	0.9	umls_mrconso_cui_crosswalk	MRCONSO:SNOMEDCT_US
SNOMEDCT:386476006	UMLS:C0152054	Therapeutic Touch	0.9	umls_mrconso_cui_crosswalk	MRCONSO:SNOMEDCT_US
MESH:D056228	UMLS:C0178842	Sensory Feedback	0.9	umls_mrconso_cui_crosswalk	MRCONSO:MSH
MTH:NOCODE	UMLS:C0178842	Sensory Feedback	0.9	umls_mrconso_cui_crosswalk	MRCONSO:MTH
SNOMEDCT:74923002	UMLS:C0185112	Mobilization (procedure)	0.9	umls_mrconso_cui_crosswalk	MRCONSO:SNOMEDCT_US
MTH:NOCODE	UMLS:C0185112	Mobilization (procedure)	0.9	umls_mrconso_cui_crosswalk	MRCONSO:MTH
SNOMEDCT:151611009	UMLS:C0185112	Mobilization (procedure)	0.9	umls_mrconso_cui_crosswalk	MRCONSO:SNOMEDCT_US
SNOMEDCT:183376001	UMLS:C0185112	Mobilization (procedure)	0.9	umls_mrconso_cui_crosswalk	MRCONSO:SNOMEDCT_US
SNOMEDCT:39697002	UMLS:C0204530	Transcendental meditation therapy	0.9	umls_mrconso_cui_crosswalk	MRCONSO:SNOMEDCT_US
MTH:NOCODE	UMLS:C0204530	Transcendental meditation therapy	0.9	umls_mrconso_cui_crosswalk	MRCONSO:MTH
MESH:D019587	UMLS:C0242295	Dietary Supplements	0.9	umls_mrconso_cui_crosswalk	MRCONSO:MSH
MTH:NOCODE	UMLS:C0242295	Dietary Supplements	0.9	umls_mrconso_cui_crosswalk	MRCONSO:MTH
NCIT:C1505	UMLS:C0242295	Dietary Supplements	0.9	umls_mrconso_cui_crosswalk	MRCONSO:NCI
LOINC:LP99357-3	UMLS:C0242295	Dietary Supplements	0.9	umls_mrconso_cui_crosswalk	MRCONSO:LNC
LOINC:MTHU035664	UMLS:C0242295	Dietary Supplements	0.9	umls_mrconso_cui_crosswalk	MRCONSO:LNC
SNOMEDCT:226279009	UMLS:C0242295	Dietary Supplements	0.9	umls_mrconso_cui_crosswalk	MRCONSO:SNOMEDCT_US
SNOMEDCT:373689005	UMLS:C0242295	Dietary Supplements	0.9	umls_mrconso_cui_crosswalk	MRCONSO:SNOMEDCT_US
SNOMEDCT:108961000	UMLS:C0242295	Dietary Supplements	0.9	umls_mrconso_cui_crosswalk	MRCONSO:SNOMEDCT_US
SNOMEDCT:373453009	UMLS:C0242295	Dietary Supplements	0.9	umls_mrconso_cui_crosswalk	MRCONSO:SNOMEDCT_US
MTH:NOCODE	UMLS:C0242297	Dietary Supplementation	0.9	umls_mrconso_cui_crosswalk	MRCONSO:MTH
NCIT:C15425	UMLS:C0242297	Dietary Supplementation	0.9	umls_mrconso_cui_crosswalk	MRCONSO:NCI
MESH:D008517	UMLS:C0242388	Phytotherapy	0.9	umls_mrconso_cui_crosswalk	MRCONSO:MSH
MTH:NOCODE	UMLS:C0242388	Phytotherapy	0.9	umls_mrconso_cui_crosswalk	MRCONSO:MTH
NCIT:C15250	UMLS:C0242388	Phytotherapy	0.9	umls_mrconso_cui_crosswalk	MRCONSO:NCI
SNOMEDCT:414392008	UMLS:C0242388	Phytotherapy	0.9	umls_mrconso_cui_crosswalk	MRCONSO:SNOMEDCT_US
MESH:D008519	UMLS:C0242389		0.9	umls_mrconso_cui_crosswalk	MRCONSO:MSH
MESH:D008519	UMLS:C0242390		0.9	umls_mrconso_cui_crosswalk	MRCONSO:MSH
MESH:D055423	UMLS:C0259972	Ketogenic Diet	0.9	umls_mrconso_cui_crosswalk	MRCONSO:MSH
NCIT:C173168	UMLS:C0259972	Ketogenic Diet	0.9	umls_mrconso_cui_crosswalk	MRCONSO:NCI
MTH:NOCODE	UMLS:C0259972	Ketogenic Diet	0.9	umls_mrconso_cui_crosswalk	MRCONSO:MTH
SNOMEDCT:102269000	UMLS:C0259972	Ketogenic Diet	0.9	umls_mrconso_cui_crosswalk	MRCONSO:SNOMEDCT_US
SNOMEDCT:226108007	UMLS:C0259972	Ketogenic Diet	0.9	umls_mrconso_cui_crosswalk	MRCONSO:SNOMEDCT_US
SNOMEDCT:765060000	UMLS:C0259972	Ketogenic Diet	0.9	umls_mrconso_cui_crosswalk	MRCONSO:SNOMEDCT_US
MESH:D008515	UMLS:C0259995		0.9	umls_mrconso_cui_crosswalk	MRCONSO:MSH
SNOMEDCT:1259219009	UMLS:C0259995		0.9	umls_mrconso_cui_crosswalk	MRCONSO:SNOMEDCT_US
MESH:D026441	UMLS:C0260173	Mind-Body Therapies	0.9	umls_mrconso_cui_crosswalk	MRCONSO:MSH
MTH:NOCODE	UMLS:C0260173	Mind-Body Therapies	0.9	umls_mrconso_cui_crosswalk	MRCONSO:MTH
MESH:D028022	UMLS:C0279027	Laser Therapy, Low-Level	0.9	umls_mrconso_cui_crosswalk	MRCONSO:MSH
MTH:NOCODE	UMLS:C0279027	Laser Therapy, Low-Level	0.9	umls_mrconso_cui_crosswalk	MRCONSO:MTH
NCIT:C21063	UMLS:C0279027	Laser Therapy, Low-Level	0.9	umls_mrconso_cui_crosswalk	MRCONSO:NCI
SNOMEDCT:229565001	UMLS:C0279027	Laser Therapy, Low-Level	0.9	umls_mrconso_cui_crosswalk	MRCONSO:SNOMEDCT_US
NCIT:C93098	UMLS:C0282077	Qigong	0.9	umls_mrconso_cui_crosswalk	MRCONSO:NCI
SNOMEDCT:733449008	UMLS:C0282077	Qigong	0.9	umls_mrconso_cui_crosswalk	MRCONSO:SNOMEDCT_US
MESH:D064906	UMLS:C0282077	Qigong	0.9	umls_mrconso_cui_crosswalk	MRCONSO:MSH
MESH:D029221	UMLS:C0282230	Prayer Healing	0.9	umls_mrconso_cui_crosswalk	MRCONSO:MSH
MESH:D012064	UMLS:C0282333		0.9	umls_mrconso_cui_crosswalk	MRCONSO:MSH
NCIT:C15316	UMLS:C0282333		0.9	umls_mrconso_cui_crosswalk	MRCONSO:NCI
MTH:NOCODE	UMLS:C0282333		0.9	umls_mrconso_cui_crosswalk	MRCONSO:MTH
SNOMEDCT:151252005	UMLS:C0282333		0.9	umls_mrconso_cui_crosswalk	MRCONSO:SNOMEDCT_US
SNOMEDCT:64299003	UMLS:C0282333		0.9	umls_mrconso_cui_crosswalk	MRCONSO:SNOMEDCT_US
MESH:D018953	UMLS:C0282567	Kinesiology, Applied	0.9	umls_mrconso_cui_crosswalk	MRCONSO:MSH
SNOMEDCT:231107005	UMLS:C0282614	Acupressure (regime/therapy)	0.9	umls_mrconso_cui_crosswalk	MRCONSO:SNOMEDCT_US
MTH:NOCODE	UMLS:C0282614	Acupressure (regime/therapy)	0.9	umls_mrconso_cui_crosswalk	MRCONSO:MTH
NCIT:C15606	UMLS:C0282614	Acupressure (regime/therapy)	0.9	umls_mrconso_cui_crosswalk	MRCONSO:NCI
LOINC:LA33528-3	UMLS:C0282614	Acupressure (regime/therapy)	0.9	umls_mrconso_cui_crosswalk	MRCONSO:LNC
MESH:D019050	UMLS:C0282614	Acupressure (regime/therapy)	0.9	umls_mrconso_cui_crosswalk	MRCONSO:MSH
MESH:D019018	UMLS:C0302824		0.9	umls_mrconso_cui_crosswalk	MRCONSO:MSH
SNOMEDCT:138044000	UMLS:C0311164		0.9	umls_mrconso_cui_crosswalk	MRCONSO:SNOMEDCT_US
SNOMEDCT:5940000	UMLS:C0311164		0.9	umls_mrconso_cui_crosswalk	MRCONSO:SNOMEDCT_US
SNOMEDCT:765021002	UMLS:C0311164		0.9	umls_mrconso_cui_crosswalk	MRCONSO:SNOMEDCT_US
MTH:U003174	UMLS:C0311164		0.9	umls_mrconso_cui_crosswalk	MRCONSO:MTH
MESH:D014676	UMLS:C0311164		0.9	umls_mrconso_cui_crosswalk	MRCONSO:MSH
SNOMEDCT:80714005	UMLS:C0311164		0.9	umls_mrconso_cui_crosswalk	MRCONSO:SNOMEDCT_US
MESH:D014676	UMLS:C0311165		0.9	umls_mrconso_cui_crosswalk	MRCONSO:MSH
SNOMEDCT:11152001	UMLS:C0311165		0.9	umls_mrconso_cui_crosswalk	MRCONSO:SNOMEDCT_US
SNOMEDCT:765023004	UMLS:C0311165		0.9	umls_mrconso_cui_crosswalk	MRCONSO:SNOMEDCT_US
MESH:D014676	UMLS:C0311166		0.9	umls_mrconso_cui_crosswalk	MRCONSO:MSH
SNOMEDCT:6228004	UMLS:C0311166		0.9	umls_mrconso_cui_crosswalk	MRCONSO:SNOMEDCT_US
SNOMEDCT:765022009	UMLS:C0311166		0.9	umls_mrconso_cui_crosswalk	MRCONSO:SNOMEDCT_US
MESH:D027883	UMLS:C0330845	Astragalus Plant	0.9	umls_mrconso_cui_crosswalk	MRCONSO:MSH
MTH:NOCODE	UMLS:C0330845	Astragalus Plant	0.9	umls_mrconso_cui_crosswalk	MRCONSO:MTH
SNOMEDCT:3104003	UMLS:C0330845	Astragalus Plant	0.9	umls_mrconso_cui_crosswalk	MRCONSO:SNOMEDCT_US
SNOMEDCT:372373006	UMLS:C0330845	Astragalus Plant	0.9	umls_mrconso_cui_crosswalk	MRCONSO:SNOMEDCT_US
MTH:NOCODE	UMLS:C0344217	Chiropractic procedure	0.9	umls_mrconso_cui_crosswalk	MRCONSO:MTH
NCIT:C15204	UMLS:C0344217	Chiropractic procedure	0.9	umls_mrconso_cui_crosswalk	MRCONSO:NCI
SNOMEDCT:182548004	UMLS:C0344217	Chiropractic procedure	0.9	umls_mrconso_cui_crosswalk	MRCONSO:SNOMEDCT_US
SNOMEDCT:150703001	UMLS:C0344217	Chiropractic procedure	0.9	umls_mrconso_cui_crosswalk	MRCONSO:SNOMEDCT_US
LOINC:LA33531-7	UMLS:C0344217	Chiropractic procedure	0.9	umls_mrconso_cui_crosswalk	MRCONSO:LNC
MESH:D055050	UMLS:C0344351	Gluten-Free Diet	0.9	umls_mrconso_cui_crosswalk	MRCONSO:MSH
MTH:NOCODE	UMLS:C0344351	Gluten-Free Diet	0.9	umls_mrconso_cui_crosswalk	MRCONSO:MTH
SNOMEDCT:437651000124104	UMLS:C0344351	Gluten-Free Diet	0.9	umls_mrconso_cui_crosswalk	MRCONSO:SNOMEDCT_US
SNOMEDCT:6468003	UMLS:C0344351	Gluten-Free Diet	0.9	umls_mrconso_cui_crosswalk	MRCONSO:SNOMEDCT_US
SNOMEDCT:160671006	UMLS:C0344351	Gluten-Free Diet	0.9	umls_mrconso_cui_crosswalk	MRCONSO:SNOMEDCT_US
SNOMEDCT:182926001	UMLS:C0344351	Gluten-Free Diet	0.9	umls_mrconso_cui_crosswalk	MRCONSO:SNOMEDCT_US
SNOMEDCT:138059006	UMLS:C0344351	Gluten-Free Diet	0.9	umls_mrconso_cui_crosswalk	MRCONSO:SNOMEDCT_US
SNOMEDCT:151208002	UMLS:C0344351	Gluten-Free Diet	0.9	umls_mrconso_cui_crosswalk	MRCONSO:SNOMEDCT_US
NCIT:C157866	UMLS:C0344351	Gluten-Free Diet	0.9	umls_mrconso_cui_crosswalk	MRCONSO:NCI
SNOMEDCT:138045004	UMLS:C0344353	Vegan diet	0.9	umls_mrconso_cui_crosswalk	MRCONSO:SNOMEDCT_US
SNOMEDCT:24930006	UMLS:C0344353	Vegan diet	0.9	umls_mrconso_cui_crosswalk	MRCONSO:SNOMEDCT_US
HPO:HP:4000172	UMLS:C0344353	Vegan diet	0.9	umls_mrconso_cui_crosswalk	MRCONSO:HPO
SNOMEDCT:89982001	UMLS:C0344353	Vegan diet	0.9	umls_mrconso_cui_crosswalk	MRCONSO:SNOMEDCT_US
MTH:NOCODE	UMLS:C0344353	Vegan diet	0.9	umls_mrconso_cui_crosswalk	MRCONSO:MTH
MESH:D000067269	UMLS:C0344353	Vegan diet	0.9	umls_mrconso_cui_crosswalk	MRCONSO:MSH
SNOMEDCT:162537004	UMLS:C0344353	Vegan diet	0.9	umls_mrconso_cui_crosswalk	MRCONSO:SNOMEDCT_US
SNOMEDCT:281015005	UMLS:C0344353	Vegan diet	0.9	umls_mrconso_cui_crosswalk	MRCONSO:SNOMEDCT_US
MESH:D026302	UMLS:C0376403	Tai Ji	0.9	umls_mrconso_cui_crosswalk	MRCONSO:MSH
SNOMEDCT:30900002	UMLS:C0376403	Tai Ji	0.9	umls_mrconso_cui_crosswalk	MRCONSO:SNOMEDCT_US
NCIT:C93099	UMLS:C0376403	Tai Ji	0.9	umls_mrconso_cui_crosswalk	MRCONSO:NCI
MESH:D019341	UMLS:C0376547	Aromatherapy	0.9	umls_mrconso_cui_crosswalk	MRCONSO:MSH
LOINC:LA25339-5	UMLS:C0376547	Aromatherapy	0.9	umls_mrconso_cui_crosswalk	MRCONSO:LNC
SNOMEDCT:394615007	UMLS:C0376547	Aromatherapy	0.9	umls_mrconso_cui_crosswalk	MRCONSO:SNOMEDCT_US
MTH:NOCODE	UMLS:C0376547	Aromatherapy	0.9	umls_mrconso_cui_crosswalk	MRCONSO:MTH
MESH:D019367	UMLS:C0376557	Medicine, Unani	0.9	umls_mrconso_cui_crosswalk	MRCONSO:MSH
SNOMEDCT:1259218001	UMLS:C0376557	Medicine, Unani	0.9	umls_mrconso_cui_crosswalk	MRCONSO:SNOMEDCT_US
MESH:D000079245	UMLS:C0394648	Dry Needling	0.9	umls_mrconso_cui_crosswalk	MRCONSO:MSH
SNOMEDCT:231082000	UMLS:C0394648	Dry Needling	0.9	umls_mrconso_cui_crosswalk	MRCONSO:SNOMEDCT_US
SNOMEDCT:231088001	UMLS:C0394654	Laser acupuncture	0.9	umls_mrconso_cui_crosswalk	MRCONSO:SNOMEDCT_US
NCIT:C94602	UMLS:C0394654	Laser acupuncture	0.9	umls_mrconso_cui_crosswalk	MRCONSO:NCI
SNOMEDCT:231106001	UMLS:C0394654	Laser acupuncture	0.9	umls_mrconso_cui_crosswalk	MRCONSO:SNOMEDCT_US
SNOMEDCT:231093003	UMLS:C0394660	Electroacupuncture after Voll	0.9	umls_mrconso_cui_crosswalk	MRCONSO:SNOMEDCT_US
MTH:NOCODE	UMLS:C0394660	Electroacupuncture after Voll	0.9	umls_mrconso_cui_crosswalk	MRCONSO:MTH
SNOMEDCT:231095005	UMLS:C0394661	VEGA electroacupuncture therapy	0.9	umls_mrconso_cui_crosswalk	MRCONSO:SNOMEDCT_US
MESH:D015670	UMLS:C0394664	Acupuncture Therapy	0.9	umls_mrconso_cui_crosswalk	MRCONSO:MSH
NCIT:C15176	UMLS:C0394664	Acupuncture Therapy	0.9	umls_mrconso_cui_crosswalk	MRCONSO:NCI
MTH:NOCODE	UMLS:C0394664	Acupuncture Therapy	0.9	umls_mrconso_cui_crosswalk	MRCONSO:MTH
LOINC:LA33527-5	UMLS:C0394664	Acupuncture Therapy	0.9	umls_mrconso_cui_crosswalk	MRCONSO:LNC
SNOMEDCT:150831001	UMLS:C0394664	Acupuncture Therapy	0.9	umls_mrconso_cui_crosswalk	MRCONSO:SNOMEDCT_US
LOINC:LP234767-4	UMLS:C0394664	Acupuncture Therapy	0.9	umls_mrconso_cui_crosswalk	MRCONSO:LNC
LOINC:LA34018-4	UMLS:C0394664	Acupuncture Therapy	0.9	umls_mrconso_cui_crosswalk	MRCONSO:LNC
SNOMEDCT:44868003	UMLS:C0394664	Acupuncture Therapy	0.9	umls_mrconso_cui_crosswalk	MRCONSO:SNOMEDCT_US
SNOMEDCT:182616006	UMLS:C0394664	Acupuncture Therapy	0.9	umls_mrconso_cui_crosswalk	MRCONSO:SNOMEDCT_US
SNOMEDCT:150834009	UMLS:C0394664	Acupuncture Therapy	0.9	umls_mrconso_cui_crosswalk	MRCONSO:SNOMEDCT_US
SNOMEDCT:231098007	UMLS:C0394664	Acupuncture Therapy	0.9	umls_mrconso_cui_crosswalk	MRCONSO:SNOMEDCT_US
SNOMEDCT:174228003	UMLS:C0400138	Irrigation of colon	0.9	umls_mrconso_cui_crosswalk	MRCONSO:SNOMEDCT_US
MTH:NOCODE	UMLS:C0400138	Irrigation of colon	0.9	umls_mrconso_cui_crosswalk	MRCONSO:MTH
SNOMEDCT:264603002	UMLS:C0436548	Transcranial magnetic stimulation	0.9	umls_mrconso_cui_crosswalk	MRCONSO:SNOMEDCT_US
MTH:NOCODE	UMLS:C0436548	Transcranial magnetic stimulation	0.9	umls_mrconso_cui_crosswalk	MRCONSO:MTH
MESH:D050781	UMLS:C0436548	Transcranial magnetic stimulation	0.9	umls_mrconso_cui_crosswalk	MRCONSO:MSH
NCIT:C116655	UMLS:C0436548	Transcranial magnetic stimulation	0.9	umls_mrconso_cui_crosswalk	MRCONSO:NCI
MESH:D066046	UMLS:C0452423	Diet, Paleolithic	0.9	umls_mrconso_cui_crosswalk	MRCONSO:MSH
SNOMEDCT:226241004	UMLS:C0452423	Diet, Paleolithic	0.9	umls_mrconso_cui_crosswalk	MRCONSO:SNOMEDCT_US
SNOMEDCT:386400004	UMLS:C0454043	Progressive muscle relaxation	0.9	umls_mrconso_cui_crosswalk	MRCONSO:SNOMEDCT_US
SNOMEDCT:228562009	UMLS:C0454043	Progressive muscle relaxation	0.9	umls_mrconso_cui_crosswalk	MRCONSO:SNOMEDCT_US
MTH:NOCODE	UMLS:C0454043	Progressive muscle relaxation	0.9	umls_mrconso_cui_crosswalk	MRCONSO:MTH
MESH:D001326	UMLS:C0454043	Progressive muscle relaxation	0.9	umls_mrconso_cui_crosswalk	MRCONSO:MSH
MESH:D058611	UMLS:C0454057	Horticultural Therapy	0.9	umls_mrconso_cui_crosswalk	MRCONSO:MSH
SNOMEDCT:228652008	UMLS:C0454057	Horticultural Therapy	0.9	umls_mrconso_cui_crosswalk	MRCONSO:SNOMEDCT_US
SNOMEDCT:229064008	UMLS:C0454279	Movement therapy	0.9	umls_mrconso_cui_crosswalk	MRCONSO:SNOMEDCT_US
SNOMEDCT:229123001	UMLS:C0454333	Facial exercises	0.9	umls_mrconso_cui_crosswalk	MRCONSO:SNOMEDCT_US
SNOMEDCT:229210004	UMLS:C0454416	Hippotherapy	0.9	umls_mrconso_cui_crosswalk	MRCONSO:SNOMEDCT_US
MESH:D056147	UMLS:C0454416	Hippotherapy	0.9	umls_mrconso_cui_crosswalk	MRCONSO:MSH
MESH:D026201	UMLS:C0454525	Manual Therapies	0.9	umls_mrconso_cui_crosswalk	MRCONSO:MSH
MTH:NOCODE	UMLS:C0454525	Manual Therapies	0.9	umls_mrconso_cui_crosswalk	MRCONSO:MTH
SNOMEDCT:229315006	UMLS:C0454525	Manual Therapies	0.9	umls_mrconso_cui_crosswalk	MRCONSO:SNOMEDCT_US
NCIT:C153321	UMLS:C0454525	Manual Therapies	0.9	umls_mrconso_cui_crosswalk	MRCONSO:NCI
SNOMEDCT:229569007	UMLS:C0454527	Thermal techniques	0.9	umls_mrconso_cui_crosswalk	MRCONSO:SNOMEDCT_US
SNOMEDCT:417047001	UMLS:C0500223	Prolotherapy	0.9	umls_mrconso_cui_crosswalk	MRCONSO:SNOMEDCT_US
MESH:D000075527	UMLS:C0500223	Prolotherapy	0.9	umls_mrconso_cui_crosswalk	MRCONSO:MSH
MESH:D014023	UMLS:C0524729		0.9	umls_mrconso_cui_crosswalk	MRCONSO:MSH
MESH:D019936	UMLS:C0525033	Probiotics	0.9	umls_mrconso_cui_crosswalk	MRCONSO:MSH
NCIT:C93144	UMLS:C0525033	Probiotics	0.9	umls_mrconso_cui_crosswalk	MRCONSO:NCI
MESH:D000073297	UMLS:C0556834	Manual Lymphatic Drainage	0.9	umls_mrconso_cui_crosswalk	MRCONSO:MSH
LOINC:LA29071-0	UMLS:C0556834	Manual Lymphatic Drainage	0.9	umls_mrconso_cui_crosswalk	MRCONSO:LNC
SNOMEDCT:229487007	UMLS:C0556834	Manual Lymphatic Drainage	0.9	umls_mrconso_cui_crosswalk	MRCONSO:SNOMEDCT_US
SNOMEDCT:229496007	UMLS:C0556841	Deep transverse frictions	0.9	umls_mrconso_cui_crosswalk	MRCONSO:SNOMEDCT_US
SNOMEDCT:229500009	UMLS:C0556845	Connective tissue massage	0.9	umls_mrconso_cui_crosswalk	MRCONSO:SNOMEDCT_US
SNOMEDCT:229502001	UMLS:C0556847	Silicone oil massage	0.9	umls_mrconso_cui_crosswalk	MRCONSO:SNOMEDCT_US
SNOMEDCT:229507007	UMLS:C0556852	Soft tissue massage	0.9	umls_mrconso_cui_crosswalk	MRCONSO:SNOMEDCT_US
MESH:D064209	UMLS:C0577749	Phytochemicals	0.9	umls_mrconso_cui_crosswalk	MRCONSO:MSH
SNOMEDCT:301054007	UMLS:C0577749	Phytochemicals	0.9	umls_mrconso_cui_crosswalk	MRCONSO:SNOMEDCT_US
NCIT:C28269	UMLS:C0577749	Phytochemicals	0.9	umls_mrconso_cui_crosswalk	MRCONSO:NCI
SNOMEDCT:768608009	UMLS:C0577749	Phytochemicals	0.9	umls_mrconso_cui_crosswalk	MRCONSO:SNOMEDCT_US
MTH:NOCODE	UMLS:C0597811	Humor therapy	0.9	umls_mrconso_cui_crosswalk	MRCONSO:MTH
SNOMEDCT:386325009	UMLS:C0597811	Humor therapy	0.9	umls_mrconso_cui_crosswalk	MRCONSO:SNOMEDCT_US
SNOMEDCT:876850004	UMLS:C0597812	Alexander technique	0.9	umls_mrconso_cui_crosswalk	MRCONSO:SNOMEDCT_US
MTH:NOCODE	UMLS:C0597815	crystal healing	0.9	umls_mrconso_cui_crosswalk	MRCONSO:MTH
MESH:D012064	UMLS:C0598380	Nature Therapy	0.9	umls_mrconso_cui_crosswalk	MRCONSO:MSH
SNOMEDCT:1256107005	UMLS:C0598380	Nature Therapy	0.9	umls_mrconso_cui_crosswalk	MRCONSO:SNOMEDCT_US
MESH:D020393	UMLS:C0600576		0.9	umls_mrconso_cui_crosswalk	MRCONSO:MSH
SNOMEDCT:119600000	UMLS:C0600576		0.9	umls_mrconso_cui_crosswalk	MRCONSO:SNOMEDCT_US
SNOMEDCT:46947000	UMLS:C0600577	Chiropractic manipulation	0.9	umls_mrconso_cui_crosswalk	MRCONSO:SNOMEDCT_US
MTH:NOCODE	UMLS:C0600577	Chiropractic manipulation	0.9	umls_mrconso_cui_crosswalk	MRCONSO:MTH
MESH:D026882	UMLS:C0600577	Chiropractic manipulation	0.9	umls_mrconso_cui_crosswalk	MRCONSO:MSH
MESH:D020393	UMLS:C0600578		0.9	umls_mrconso_cui_crosswalk	MRCONSO:MSH
MESH:D006990	UMLS:C0679660	Self-Hypnosis	0.9	umls_mrconso_cui_crosswalk	MRCONSO:MSH
MESH:D026443	UMLS:C0679674	Spiritual Therapies	0.9	umls_mrconso_cui_crosswalk	MRCONSO:MSH
MTH:NOCODE	UMLS:C0679674	Spiritual Therapies	0.9	umls_mrconso_cui_crosswalk	MRCONSO:MTH
SNOMEDCT:105390002	UMLS:C0679674	Spiritual Therapies	0.9	umls_mrconso_cui_crosswalk	MRCONSO:SNOMEDCT_US
NCIT:C51972	UMLS:C0679674	Spiritual Therapies	0.9	umls_mrconso_cui_crosswalk	MRCONSO:NCI
MESH:D020557	UMLS:C0683473	Neurolinguistic Programming	0.9	umls_mrconso_cui_crosswalk	MRCONSO:MSH
MESH:D006705	UMLS:C0684199	Homeopathy	0.9	umls_mrconso_cui_crosswalk	MRCONSO:MSH
SNOMEDCT:182968001	UMLS:C0684199	Homeopathy	0.9	umls_mrconso_cui_crosswalk	MRCONSO:SNOMEDCT_US
NCIT:C15718	UMLS:C0684199	Homeopathy	0.9	umls_mrconso_cui_crosswalk	MRCONSO:NCI
MTH:NOCODE	UMLS:C0684199	Homeopathy	0.9	umls_mrconso_cui_crosswalk	MRCONSO:MTH
SNOMEDCT:151251003	UMLS:C0684199	Homeopathy	0.9	umls_mrconso_cui_crosswalk	MRCONSO:SNOMEDCT_US
SNOMEDCT:105379007	UMLS:C0686940	Soft tissue mobilization	0.9	umls_mrconso_cui_crosswalk	MRCONSO:SNOMEDCT_US
NCIT:C94252	UMLS:C0695530	Tui Na	0.9	umls_mrconso_cui_crosswalk	MRCONSO:NCI
MESH:D026201	UMLS:C0695540	Bodywork	0.9	umls_mrconso_cui_crosswalk	MRCONSO:MSH
MTH:NOCODE	UMLS:C0695563	Thai massage each 15 minutes	0.9	umls_mrconso_cui_crosswalk	MRCONSO:MTH
SNOMEDCT:406147003	UMLS:C0695595	Infant massage	0.9	umls_mrconso_cui_crosswalk	MRCONSO:SNOMEDCT_US
SNOMEDCT:404939002	UMLS:C0695600	Myofascial release	0.9	umls_mrconso_cui_crosswalk	MRCONSO:SNOMEDCT_US
MTH:NOCODE	UMLS:C0695600	Myofascial release	0.9	umls_mrconso_cui_crosswalk	MRCONSO:MTH
MESH:D000089803	UMLS:C0695600	Myofascial release	0.9	umls_mrconso_cui_crosswalk	MRCONSO:MSH
MTH:NOCODE	UMLS:C0695940	Ice massage each 20 minutes	0.9	umls_mrconso_cui_crosswalk	MRCONSO:MTH
NCIT:C15728	UMLS:C0751715	Reiki	0.9	umls_mrconso_cui_crosswalk	MRCONSO:NCI
SNOMEDCT:703884003	UMLS:C0751715	Reiki	0.9	umls_mrconso_cui_crosswalk	MRCONSO:SNOMEDCT_US
MESH:D000099302	UMLS:C0751715	Reiki	0.9	umls_mrconso_cui_crosswalk	MRCONSO:MSH
MESH:D020831	UMLS:C0752217	Acupuncture, Ear	0.9	umls_mrconso_cui_crosswalk	MRCONSO:MSH
MESH:D020835	UMLS:C0752221	Medicine, Kampo	0.9	umls_mrconso_cui_crosswalk	MRCONSO:MSH
NCIT:C51975	UMLS:C0814263	Meditation Therapy	0.9	umls_mrconso_cui_crosswalk	MRCONSO:NCI
MTH:NOCODE	UMLS:C0814263	Meditation Therapy	0.9	umls_mrconso_cui_crosswalk	MRCONSO:MTH
MTH:NOCODE	UMLS:C0851189	Application of ice packs	0.9	umls_mrconso_cui_crosswalk	MRCONSO:MTH
MESH:D006990	UMLS:C0870676		0.9	umls_mrconso_cui_crosswalk	MRCONSO:MSH
SNOMEDCT:702545008	UMLS:C0871175	Psychoeducation	0.9	umls_mrconso_cui_crosswalk	MRCONSO:SNOMEDCT_US
MESH:D026201	UMLS:C0949352		0.9	umls_mrconso_cui_crosswalk	MRCONSO:MSH
NCIT:C21125	UMLS:C0949353	Rolfing	0.9	umls_mrconso_cui_crosswalk	MRCONSO:NCI
MESH:D026201	UMLS:C0949353	Rolfing	0.9	umls_mrconso_cui_crosswalk	MRCONSO:MSH
MESH:D008405	UMLS:C0949354		0.9	umls_mrconso_cui_crosswalk	MRCONSO:MSH
MTH:NOCODE	UMLS:C0949354		0.9	umls_mrconso_cui_crosswalk	MRCONSO:MTH
MESH:D026201	UMLS:C0949741	Musculoskeletal Manipulations	0.9	umls_mrconso_cui_crosswalk	MRCONSO:MSH
MESH:D026201	UMLS:C0949742		0.9	umls_mrconso_cui_crosswalk	MRCONSO:MSH
SNOMEDCT:150705008	UMLS:C0949744	Osteopathic manipulation (procedure)	0.9	umls_mrconso_cui_crosswalk	MRCONSO:SNOMEDCT_US
SNOMEDCT:16992002	UMLS:C0949744	Osteopathic manipulation (procedure)	0.9	umls_mrconso_cui_crosswalk	MRCONSO:SNOMEDCT_US
MTH:NOCODE	UMLS:C0949744	Osteopathic manipulation (procedure)	0.9	umls_mrconso_cui_crosswalk	MRCONSO:MTH
MESH:D026301	UMLS:C0949744	Osteopathic manipulation (procedure)	0.9	umls_mrconso_cui_crosswalk	MRCONSO:MSH
ICD9CM:93.6	UMLS:C0949744	Osteopathic manipulation (procedure)	0.9	umls_mrconso_cui_crosswalk	MRCONSO:ICD9CM
NCIT:C189763	UMLS:C0949744	Osteopathic manipulation (procedure)	0.9	umls_mrconso_cui_crosswalk	MRCONSO:NCI
MESH:D027641	UMLS:C0949806	Laughter Therapy	0.9	umls_mrconso_cui_crosswalk	MRCONSO:MSH
MESH:D027681	UMLS:C0949807	Eclecticism, Historical	0.9	umls_mrconso_cui_crosswalk	MRCONSO:MSH
NCIT:C51973	UMLS:C0949912	Faith Healing	0.9	umls_mrconso_cui_crosswalk	MRCONSO:NCI
MESH:D029221	UMLS:C0949912	Faith Healing	0.9	umls_mrconso_cui_crosswalk	MRCONSO:MSH
MESH:D019124	UMLS:C0969660		0.9	umls_mrconso_cui_crosswalk	MRCONSO:MSH
MESH:D026421	UMLS:C0969699	Sensory Art Therapies	0.9	umls_mrconso_cui_crosswalk	MRCONSO:MSH
SNOMEDCT:439822002	UMLS:C0973228	Shiatsu	0.9	umls_mrconso_cui_crosswalk	MRCONSO:SNOMEDCT_US
MESH:D019050	UMLS:C0973228	Shiatsu	0.9	umls_mrconso_cui_crosswalk	MRCONSO:MSH
SNOMEDCT:398139005	UMLS:C0973228	Shiatsu	0.9	umls_mrconso_cui_crosswalk	MRCONSO:SNOMEDCT_US
MESH:D038861	UMLS:C1136246	Medicine, Tibetan Traditional	0.9	umls_mrconso_cui_crosswalk	MRCONSO:MSH
MESH:D038441	UMLS:C1138412		0.9	umls_mrconso_cui_crosswalk	MRCONSO:MSH
SNOMEDCT:1255163004	UMLS:C1138412		0.9	umls_mrconso_cui_crosswalk	MRCONSO:SNOMEDCT_US
SNOMEDCT:394060007	UMLS:C1273412	Chinese herbal medicine	0.9	umls_mrconso_cui_crosswalk	MRCONSO:SNOMEDCT_US
SNOMEDCT:393109002	UMLS:C1273412	Chinese herbal medicine	0.9	umls_mrconso_cui_crosswalk	MRCONSO:SNOMEDCT_US
SNOMEDCT:395114000	UMLS:C1273412	Chinese herbal medicine	0.9	umls_mrconso_cui_crosswalk	MRCONSO:SNOMEDCT_US
SNOMEDCT:394059002	UMLS:C1273536	Acu-reflexology	0.9	umls_mrconso_cui_crosswalk	MRCONSO:SNOMEDCT_US
SNOMEDCT:393108005	UMLS:C1273536	Acu-reflexology	0.9	umls_mrconso_cui_crosswalk	MRCONSO:SNOMEDCT_US
SNOMEDCT:394874004	UMLS:C1273536	Acu-reflexology	0.9	umls_mrconso_cui_crosswalk	MRCONSO:SNOMEDCT_US
SNOMEDCT:367062002	UMLS:C1276354	Laying on of hands with prayer	0.9	umls_mrconso_cui_crosswalk	MRCONSO:SNOMEDCT_US
SNOMEDCT:367289002	UMLS:C1276354	Laying on of hands with prayer	0.9	umls_mrconso_cui_crosswalk	MRCONSO:SNOMEDCT_US
SNOMEDCT:134387000	UMLS:C1276354	Laying on of hands with prayer	0.9	umls_mrconso_cui_crosswalk	MRCONSO:SNOMEDCT_US
MESH:D000076107	UMLS:C1319849		0.9	umls_mrconso_cui_crosswalk	MRCONSO:MSH
SNOMEDCT:407667003	UMLS:C1319849		0.9	umls_mrconso_cui_crosswalk	MRCONSO:SNOMEDCT_US
SNOMEDCT:765024005	UMLS:C1319849		0.9	umls_mrconso_cui_crosswalk	MRCONSO:SNOMEDCT_US
SNOMEDCT:404938005	UMLS:C1321058	Craniosacral therapy	0.9	umls_mrconso_cui_crosswalk	MRCONSO:SNOMEDCT_US
MTH:NOCODE	UMLS:C1321058	Craniosacral therapy	0.9	umls_mrconso_cui_crosswalk	MRCONSO:MTH
MESH:D000077252	UMLS:C1321145		0.9	umls_mrconso_cui_crosswalk	MRCONSO:MSH
SNOMEDCT:405780009	UMLS:C1321145		0.9	umls_mrconso_cui_crosswalk	MRCONSO:SNOMEDCT_US
SNOMEDCT:289123006	UMLS:C1328799	Deep breathing	0.9	umls_mrconso_cui_crosswalk	MRCONSO:SNOMEDCT_US
LOINC:LA33514-3	UMLS:C1328799	Deep breathing	0.9	umls_mrconso_cui_crosswalk	MRCONSO:LNC
SNOMEDCT:63782006	UMLS:C1328799	Deep breathing	0.9	umls_mrconso_cui_crosswalk	MRCONSO:SNOMEDCT_US
MTH:NOCODE	UMLS:C1328799	Deep breathing	0.9	umls_mrconso_cui_crosswalk	MRCONSO:MTH
MESH:D019587	UMLS:C1504473		0.9	umls_mrconso_cui_crosswalk	MRCONSO:MSH
NCIT:C93221	UMLS:C1504473		0.9	umls_mrconso_cui_crosswalk	MRCONSO:NCI
NCIT:C16207	UMLS:C1511136	Electromagnetic-Based Therapy	0.9	umls_mrconso_cui_crosswalk	MRCONSO:NCI
NCIT:C15910	UMLS:C1511139	Biofield Therapy	0.9	umls_mrconso_cui_crosswalk	MRCONSO:NCI
NCIT:C15436	UMLS:C1513305		0.9	umls_mrconso_cui_crosswalk	MRCONSO:NCI
MESH:D026441	UMLS:C1513305		0.9	umls_mrconso_cui_crosswalk	MRCONSO:MSH
NCIT:C15761	UMLS:C1515885	Acustimulation Therapy	0.9	umls_mrconso_cui_crosswalk	MRCONSO:NCI
NCIT:C16206	UMLS:C1516875	Energy Therapy	0.9	umls_mrconso_cui_crosswalk	MRCONSO:NCI
MESH:D019587	UMLS:C1518478		0.9	umls_mrconso_cui_crosswalk	MRCONSO:MSH
NCIT:C1954	UMLS:C1518478		0.9	umls_mrconso_cui_crosswalk	MRCONSO:NCI
MESH:D006990	UMLS:C1527400		0.9	umls_mrconso_cui_crosswalk	MRCONSO:MSH
MTH:NOCODE	UMLS:C1527400		0.9	umls_mrconso_cui_crosswalk	MRCONSO:MTH
MTH:NOCODE	UMLS:C1533719	Herbal Medicine (discipline)	0.9	umls_mrconso_cui_crosswalk	MRCONSO:MTH
MESH:D029001	UMLS:C1533719	Herbal Medicine (discipline)	0.9	umls_mrconso_cui_crosswalk	MRCONSO:MSH
NCIT:C51974	UMLS:C1541277	Distance Healing	0.9	umls_mrconso_cui_crosswalk	MRCONSO:NCI
NCIT:C62679	UMLS:C1541283	Phytoestrogen Therapy	0.9	umls_mrconso_cui_crosswalk	MRCONSO:NCI
MESH:D000076107	UMLS:C1564272		0.9	umls_mrconso_cui_crosswalk	MRCONSO:MSH
MESH:D026241	UMLS:C1720840	Pilates-Based Exercises	0.9	umls_mrconso_cui_crosswalk	MRCONSO:MSH
NCIT:C62678	UMLS:C1831689	Gonzalez Regimen	0.9	umls_mrconso_cui_crosswalk	MRCONSO:NCI
NCIT:C62680	UMLS:C1831723	Gerson Therapy	0.9	umls_mrconso_cui_crosswalk	MRCONSO:NCI
NCIT:C67027	UMLS:C1879712	Antineoplastons Therapy	0.9	umls_mrconso_cui_crosswalk	MRCONSO:NCI
NCIT:C67025	UMLS:C1879713	Antioxidant therapy	0.9	umls_mrconso_cui_crosswalk	MRCONSO:NCI
NCIT:C67026	UMLS:C1880312	Dietary Macronutrients Therapy	0.9	umls_mrconso_cui_crosswalk	MRCONSO:NCI
NCIT:C67029	UMLS:C1881140	Immunoaugmentative Therapy	0.9	umls_mrconso_cui_crosswalk	MRCONSO:NCI
NCIT:C67341	UMLS:C1881345	LED Therapy	0.9	umls_mrconso_cui_crosswalk	MRCONSO:NCI
NCIT:C67034	UMLS:C1881509	Magnet Therapy	0.9	umls_mrconso_cui_crosswalk	MRCONSO:NCI
MTH:NOCODE	UMLS:C1881509	Magnet Therapy	0.9	umls_mrconso_cui_crosswalk	MRCONSO:MTH
NCIT:C67035	UMLS:C1882505	Pulsed Electromagnetic Fields Therapy	0.9	umls_mrconso_cui_crosswalk	MRCONSO:NCI
NCIT:C67032	UMLS:C1883174	Stress Management Therapy	0.9	umls_mrconso_cui_crosswalk	MRCONSO:NCI
MTH:NOCODE	UMLS:C1883174	Stress Management Therapy	0.9	umls_mrconso_cui_crosswalk	MRCONSO:MTH
NCIT:C67030	UMLS:C1883225	Support Group Therapy	0.9	umls_mrconso_cui_crosswalk	MRCONSO:NCI
MESH:D015013	UMLS:C1883583	Yoga	0.9	umls_mrconso_cui_crosswalk	MRCONSO:MSH
NCIT:C64897	UMLS:C1883583	Yoga	0.9	umls_mrconso_cui_crosswalk	MRCONSO:NCI
SNOMEDCT:1259940003	UMLS:C1883583	Yoga	0.9	umls_mrconso_cui_crosswalk	MRCONSO:SNOMEDCT_US
MTH:NOCODE	UMLS:C1883583	Yoga	0.9	umls_mrconso_cui_crosswalk	MRCONSO:MTH
MESH:D057748	UMLS:C2242515	Mesotherapy	0.9	umls_mrconso_cui_crosswalk	MRCONSO:MSH
SNOMEDCT:433497004	UMLS:C2316067	Journaling	0.9	umls_mrconso_cui_crosswalk	MRCONSO:SNOMEDCT_US
SNOMEDCT:432085004	UMLS:C2316341	Massage of abdomen	0.9	umls_mrconso_cui_crosswalk	MRCONSO:SNOMEDCT_US
MESH:D055097	UMLS:C2350276	Auriculotherapy	0.9	umls_mrconso_cui_crosswalk	MRCONSO:MSH
MESH:D055161	UMLS:C2350293	Speleotherapy	0.9	umls_mrconso_cui_crosswalk	MRCONSO:MSH
MESH:D055670	UMLS:C2350504	Medicine, Korean Traditional	0.9	umls_mrconso_cui_crosswalk	MRCONSO:MSH
MESH:D010989	UMLS:C2350829		0.9	umls_mrconso_cui_crosswalk	MRCONSO:MSH
MTH:NOCODE	UMLS:C2584291	Therapeutic Massage	0.9	umls_mrconso_cui_crosswalk	MRCONSO:MTH
SNOMEDCT:440240000	UMLS:C2585844	Aromatherapy massage	0.9	umls_mrconso_cui_crosswalk	MRCONSO:SNOMEDCT_US
NCIT:C93320	UMLS:C2585844	Aromatherapy massage	0.9	umls_mrconso_cui_crosswalk	MRCONSO:NCI
SNOMEDCT:439062004	UMLS:C2586030	Anthroposophical medicine (regime/therapy)	0.9	umls_mrconso_cui_crosswalk	MRCONSO:SNOMEDCT_US
MTH:NOCODE	UMLS:C2586030	Anthroposophical medicine (regime/therapy)	0.9	umls_mrconso_cui_crosswalk	MRCONSO:MTH
SNOMEDCT:440406003	UMLS:C2586182	Indian head massage	0.9	umls_mrconso_cui_crosswalk	MRCONSO:SNOMEDCT_US
MESH:D026882	UMLS:C2713399		0.9	umls_mrconso_cui_crosswalk	MRCONSO:MSH
MTH:NOCODE	UMLS:C2713399		0.9	umls_mrconso_cui_crosswalk	MRCONSO:MTH
MESH:D011577	UMLS:C2713448		0.9	umls_mrconso_cui_crosswalk	MRCONSO:MSH
MTH:NOCODE	UMLS:C2713448		0.9	umls_mrconso_cui_crosswalk	MRCONSO:MTH
SNOMEDCT:53508008	UMLS:C2713448		0.9	umls_mrconso_cui_crosswalk	MRCONSO:SNOMEDCT_US
SNOMEDCT:723528003	UMLS:C2713448		0.9	umls_mrconso_cui_crosswalk	MRCONSO:SNOMEDCT_US
MESH:D001676	UMLS:C2713541		0.9	umls_mrconso_cui_crosswalk	MRCONSO:MSH
MESH:D058765	UMLS:C2713542		0.9	umls_mrconso_cui_crosswalk	MRCONSO:MSH
NCIT:C93302	UMLS:C2713543	Neurofeedback	0.9	umls_mrconso_cui_crosswalk	MRCONSO:NCI
MESH:D058765	UMLS:C2713543	Neurofeedback	0.9	umls_mrconso_cui_crosswalk	MRCONSO:MSH
SNOMEDCT:29203007	UMLS:C2713543	Neurofeedback	0.9	umls_mrconso_cui_crosswalk	MRCONSO:SNOMEDCT_US
MESH:D056147	UMLS:C2717786	Equine-Assisted Therapy	0.9	umls_mrconso_cui_crosswalk	MRCONSO:MSH
MESH:D056692	UMLS:C2717875	Prebiotics	0.9	umls_mrconso_cui_crosswalk	MRCONSO:MSH
MESH:D056785	UMLS:C2717890	Medicine, Mongolian Traditional	0.9	umls_mrconso_cui_crosswalk	MRCONSO:MSH
SNOMEDCT:444934009	UMLS:C2919709	Hot stone massage	0.9	umls_mrconso_cui_crosswalk	MRCONSO:SNOMEDCT_US
MESH:D056228	UMLS:C2936180		0.9	umls_mrconso_cui_crosswalk	MRCONSO:MSH
MESH:D056228	UMLS:C2936181		0.9	umls_mrconso_cui_crosswalk	MRCONSO:MSH
MTH:NOCODE	UMLS:C2936181		0.9	umls_mrconso_cui_crosswalk	MRCONSO:MTH
MESH:D056228	UMLS:C2936182		0.9	umls_mrconso_cui_crosswalk	MRCONSO:MSH
MESH:D056228	UMLS:C2936183		0.9	umls_mrconso_cui_crosswalk	MRCONSO:MSH
MTH:NOCODE	UMLS:C2945659	bioenergetic therapy	0.9	umls_mrconso_cui_crosswalk	MRCONSO:MTH
NCIT:C92810	UMLS:C2985297	Hypnobirthing	0.9	umls_mrconso_cui_crosswalk	MRCONSO:NCI
NCIT:C94635	UMLS:C2986609	Trigger Point Acupuncture	0.9	umls_mrconso_cui_crosswalk	MRCONSO:NCI
MESH:D059328	UMLS:C3178784	Diffuse Noxious Inhibitory Control	0.9	umls_mrconso_cui_crosswalk	MRCONSO:MSH
MESH:D001676	UMLS:C3179341		0.9	umls_mrconso_cui_crosswalk	MRCONSO:MSH
MESH:D062525	UMLS:C3494322	Narrative Therapy	0.9	umls_mrconso_cui_crosswalk	MRCONSO:MSH
NCIT:C15276	UMLS:C3536731	Massage Therapy	0.9	umls_mrconso_cui_crosswalk	MRCONSO:NCI
MESH:D008405	UMLS:C3536731	Massage Therapy	0.9	umls_mrconso_cui_crosswalk	MRCONSO:MSH
MTH:NOCODE	UMLS:C3536731	Massage Therapy	0.9	umls_mrconso_cui_crosswalk	MRCONSO:MTH
SNOMEDCT:43670004	UMLS:C3536731	Massage Therapy	0.9	umls_mrconso_cui_crosswalk	MRCONSO:SNOMEDCT_US
SNOMEDCT:387854002	UMLS:C3536731	Massage Therapy	0.9	umls_mrconso_cui_crosswalk	MRCONSO:SNOMEDCT_US
MESH:D064746	UMLS:C3658309	Therapy, Soft Tissue	0.9	umls_mrconso_cui_crosswalk	MRCONSO:MSH
MESH:D064869	UMLS:C3658321		0.9	umls_mrconso_cui_crosswalk	MRCONSO:MSH
NCIT:C183119	UMLS:C3658321		0.9	umls_mrconso_cui_crosswalk	MRCONSO:NCI
MTH:NOCODE	UMLS:C3658321		0.9	umls_mrconso_cui_crosswalk	MRCONSO:MTH
SNOMEDCT:460901000124104	UMLS:C3658321		0.9	umls_mrconso_cui_crosswalk	MRCONSO:SNOMEDCT_US
MESH:D014023	UMLS:C3658370	Tissue Therapy, Historical	0.9	umls_mrconso_cui_crosswalk	MRCONSO:MSH
MESH:D014023	UMLS:C3661503		0.9	umls_mrconso_cui_crosswalk	MRCONSO:MSH
MESH:D066273	UMLS:C3849996		0.9	umls_mrconso_cui_crosswalk	MRCONSO:MSH
MESH:D006990	UMLS:C3888013	Hypnosis	0.9	umls_mrconso_cui_crosswalk	MRCONSO:MSH
MTH:NOCODE	UMLS:C3888013	Hypnosis	0.9	umls_mrconso_cui_crosswalk	MRCONSO:MTH
NCIT:C116561	UMLS:C3899490	Cranial Electrical Stimulation	0.9	umls_mrconso_cui_crosswalk	MRCONSO:NCI
MTH:NOCODE	UMLS:C3899490	Cranial Electrical Stimulation	0.9	umls_mrconso_cui_crosswalk	MRCONSO:MTH
MESH:D066236	UMLS:C4042760	Bioresonance Therapy	0.9	umls_mrconso_cui_crosswalk	MRCONSO:MSH
MESH:D027641	UMLS:C4045984	Laughter Yoga	0.9	umls_mrconso_cui_crosswalk	MRCONSO:MSH
MESH:D026443	UMLS:C4045985	Exorcism	0.9	umls_mrconso_cui_crosswalk	MRCONSO:MSH
NCIT:C64896	UMLS:C4082302	CAM Exercise Therapy	0.9	umls_mrconso_cui_crosswalk	MRCONSO:NCI
MTH:NOCODE	UMLS:C4082302	CAM Exercise Therapy	0.9	umls_mrconso_cui_crosswalk	MRCONSO:MTH
MESH:D014676	UMLS:C4082525		0.9	umls_mrconso_cui_crosswalk	MRCONSO:MSH
MTH:NOCODE	UMLS:C4082525		0.9	umls_mrconso_cui_crosswalk	MRCONSO:MTH
MESH:D015670	UMLS:C4277524		0.9	umls_mrconso_cui_crosswalk	MRCONSO:MSH
MESH:D000067656	UMLS:C4280069	Positive Thinking	0.9	umls_mrconso_cui_crosswalk	MRCONSO:MSH
MESH:D000067269	UMLS:C4280070		0.9	umls_mrconso_cui_crosswalk	MRCONSO:MSH
MESH:D000076107	UMLS:C4505336	Diet, High-Protein Low-Carbohydrate	0.9	umls_mrconso_cui_crosswalk	MRCONSO:MSH
MESH:D008516	UMLS:C4505406		0.9	umls_mrconso_cui_crosswalk	MRCONSO:MSH
MESH:D015670	UMLS:C4505457		0.9	umls_mrconso_cui_crosswalk	MRCONSO:MSH
NCIT:C170801	UMLS:C4704881		0.9	umls_mrconso_cui_crosswalk	MRCONSO:NCI
MESH:D000093763	UMLS:C4704881		0.9	umls_mrconso_cui_crosswalk	MRCONSO:MSH
SNOMEDCT:1362129009	UMLS:C4704881		0.9	umls_mrconso_cui_crosswalk	MRCONSO:SNOMEDCT_US
MESH:D000093763	UMLS:C4704883		0.9	umls_mrconso_cui_crosswalk	MRCONSO:MSH
NCIT:C154263	UMLS:C4727539	External Qigong Therapy	0.9	umls_mrconso_cui_crosswalk	MRCONSO:NCI
MESH:D000079742	UMLS:C5197695	Cupping Therapy	0.9	umls_mrconso_cui_crosswalk	MRCONSO:MSH
MESH:D000095500	UMLS:C5197846		0.9	umls_mrconso_cui_crosswalk	MRCONSO:MSH
NCIT:C180543	UMLS:C5197846		0.9	umls_mrconso_cui_crosswalk	MRCONSO:NCI
MESH:D000095500	UMLS:C5200818		0.9	umls_mrconso_cui_crosswalk	MRCONSO:MSH
NCIT:C165620	UMLS:C5237316	Localized Vibration Therapy	0.9	umls_mrconso_cui_crosswalk	MRCONSO:NCI
MESH:D055670	UMLS:C5392982		0.9	umls_mrconso_cui_crosswalk	MRCONSO:MSH
NCIT:C174524	UMLS:C5400760	Bright White Light Therapy	0.9	umls_mrconso_cui_crosswalk	MRCONSO:NCI
MTH:NOCODE	UMLS:C5400760	Bright White Light Therapy	0.9	umls_mrconso_cui_crosswalk	MRCONSO:MTH
MESH:D000091182	UMLS:C5544463	Medicine, Iranian Traditional	0.9	umls_mrconso_cui_crosswalk	MRCONSO:MSH
MESH:D000088543	UMLS:C5544506	Aquatic Therapy	0.9	umls_mrconso_cui_crosswalk	MRCONSO:MSH
MESH:D000093763	UMLS:C5691329		0.9	umls_mrconso_cui_crosswalk	MRCONSO:MSH
MESH:D000093763	UMLS:C5691330		0.9	umls_mrconso_cui_crosswalk	MRCONSO:MSH
MESH:D010989	UMLS:C5691412		0.9	umls_mrconso_cui_crosswalk	MRCONSO:MSH
MESH:D000097244	UMLS:C5780323	Percutaneous Collagen Induction	0.9	umls_mrconso_cui_crosswalk	MRCONSO:MSH
MTH:NOCODE	UMLS:C5780323	Percutaneous Collagen Induction	0.9	umls_mrconso_cui_crosswalk	MRCONSO:MTH
MESH:D000096262	UMLS:C5781873		0.9	umls_mrconso_cui_crosswalk	MRCONSO:MSH
MTH:NOCODE	UMLS:C5781873		0.9	umls_mrconso_cui_crosswalk	MRCONSO:MTH
MESH:D000093763	UMLS:C5828248		0.9	umls_mrconso_cui_crosswalk	MRCONSO:MSH
MESH:D000093763	UMLS:C5828249		0.9	umls_mrconso_cui_crosswalk	MRCONSO:MSH
MESH:D000096262	UMLS:C5828333	Medicine, Thai Traditional	0.9	umls_mrconso_cui_crosswalk	MRCONSO:MSH
MESH:D064866	UMLS:C5891058	Mindfulness Meditation	0.9	umls_mrconso_cui_crosswalk	MRCONSO:MSH
MTH:NOCODE	UMLS:C5891058	Mindfulness Meditation	0.9	umls_mrconso_cui_crosswalk	MRCONSO:MTH
MESH:D000099080	UMLS:C5940600	Forest Therapy	0.9	umls_mrconso_cui_crosswalk	MRCONSO:MSH
MESH:D000099025	UMLS:C5940645	Mindfulness-Based Cognitive Therapy	0.9	umls_mrconso_cui_crosswalk	MRCONSO:MSH
MESH:D008515	UMLS:C5940802		0.9	umls_mrconso_cui_crosswalk	MRCONSO:MSH
MESH:D027641	UMLS:C5940817		0.9	umls_mrconso_cui_crosswalk	MRCONSO:MSH
SNOMEDCT:57521000087108	UMLS:C5968212	Hand massage	0.9	umls_mrconso_cui_crosswalk	MRCONSO:SNOMEDCT_US
